image_path,x1,y1,x2,y2,score
PennFudanPed/PNGImages/FudanPed00001.png,412.709232,171.967286,511.472882,497.113894,1.745137
PennFudanPed/PNGImages/FudanPed00001.png,202.030382,177.185337,294.921728,437.962978,0.994623
PennFudanPed/PNGImages/FudanPed00001.png,236.548282,114.363235,342.350986,435.165517,-0.506968
PennFudanPed/PNGImages/FudanPed00002.png,130.627804,94.301486,220.830206,370.220479,1.473535
PennFudanPed/PNGImages/FudanPed00002.png,403.944832,94.852897,427.571692,166.317991,-0.817598
PennFudanPed/PNGImages/FudanPed00002.png,217.236616,112.916436,266.683864,269.447654,-0.854437
PennFudanPed/PNGImages/FudanPed00002.png,11.755198,118.401543,33.357448,179.977423,-0.915885
PennFudanPed/PNGImages/FudanPed00003.png,325.987534,124.137818,418.976261,412.795462,1.372149
PennFudanPed/PNGImages/FudanPed00003.png,397.963526,230.316428,461.012335,414.305786,-0.753996
PennFudanPed/PNGImages/FudanPed00004.png,4.429513,54.896660,45.445683,183.045439,1.069440
PennFudanPed/PNGImages/FudanPed00004.png,187.061933,53.115601,277.030880,326.706326,0.908476
PennFudanPed/PNGImages/FudanPed00004.png,264.349613,69.362057,353.754214,343.338626,-0.798691
PennFudanPed/PNGImages/FudanPed00005.png,195.179499,52.344814,275.184541,314.257612,0.799387
PennFudanPed/PNGImages/FudanPed00005.png,1.000000,43.008738,39.098272,161.841683,0.687180
PennFudanPed/PNGImages/FudanPed00006.png,255.923506,105.959278,350.565361,392.407554,2.640150
PennFudanPed/PNGImages/FudanPed00006.png,5.583519,86.241349,104.872663,379.511286,0.314094
PennFudanPed/PNGImages/FudanPed00006.png,155.609779,137.859079,175.886696,205.642226,-0.732379
PennFudanPed/PNGImages/FudanPed00006.png,115.251323,98.474875,179.920364,278.098947,-0.786215
PennFudanPed/PNGImages/FudanPed00006.png,64.516092,37.087070,128.280056,214.975691,-0.850761
PennFudanPed/PNGImages/FudanPed00007.png,117.841498,61.218931,212.908517,349.824086,2.728664
PennFudanPed/PNGImages/FudanPed00007.png,400.265384,68.078381,508.533415,367.399936,1.055066
PennFudanPed/PNGImages/FudanPed00007.png,345.485934,107.252066,364.193110,171.218723,0.579804
PennFudanPed/PNGImages/FudanPed00007.png,315.525390,76.765527,351.158393,195.204784,0.494094
PennFudanPed/PNGImages/FudanPed00007.png,293.523266,56.329107,336.850937,194.097170,-0.722966
PennFudanPed/PNGImages/FudanPed00007.png,7.016647,52.867581,46.269820,169.904945,-0.926538
PennFudanPed/PNGImages/FudanPed00007.png,64.022898,1.000000,223.929956,364.660789,-0.979916
PennFudanPed/PNGImages/FudanPed00008.png,279.912849,163.921866,344.394516,376.659455,0.889235
PennFudanPed/PNGImages/FudanPed00008.png,33.821145,173.517848,91.168187,362.543898,0.782701
PennFudanPed/PNGImages/FudanPed00008.png,8.838243,265.971468,60.049301,414.443949,-0.653649
PennFudanPed/PNGImages/FudanPed00008.png,215.640548,144.773826,333.466484,424.545010,-0.668849
PennFudanPed/PNGImages/FudanPed00008.png,30.772917,104.247536,118.742229,372.180472,-0.815807
PennFudanPed/PNGImages/FudanPed00009.png,331.308444,139.165426,430.350894,431.121071,0.783876
PennFudanPed/PNGImages/FudanPed00009.png,191.363982,122.366616,272.299496,388.755769,0.509645
PennFudanPed/PNGImages/FudanPed00009.png,35.526969,253.240716,75.273934,377.832340,-0.705975
PennFudanPed/PNGImages/FudanPed00009.png,76.058606,241.729930,104.220979,336.680957,-0.984139
PennFudanPed/PNGImages/FudanPed00010.png,278.915449,90.654608,372.047612,373.363450,2.146783
PennFudanPed/PNGImages/FudanPed00011.png,305.105420,248.770181,347.647152,390.465594,-0.008310
PennFudanPed/PNGImages/FudanPed00011.png,280.733299,110.097030,375.772496,389.999289,-0.106067
PennFudanPed/PNGImages/FudanPed00011.png,259.995750,65.586655,319.394867,222.477249,-0.911055
PennFudanPed/PNGImages/FudanPed00012.png,186.919134,73.492881,274.557228,347.964917,1.216560
PennFudanPed/PNGImages/FudanPed00012.png,349.469691,58.329989,440.812565,330.673683,0.935395
PennFudanPed/PNGImages/FudanPed00013.png,415.382085,198.448726,501.661757,481.294450,0.850807
PennFudanPed/PNGImages/FudanPed00013.png,447.306154,135.269665,535.463173,356.028359,-0.421386
PennFudanPed/PNGImages/FudanPed00013.png,367.512464,108.327598,504.907295,485.173764,-0.585257
PennFudanPed/PNGImages/FudanPed00013.png,120.664543,101.520653,183.758175,262.088715,-0.857541
PennFudanPed/PNGImages/FudanPed00014.png,316.957590,76.892620,403.290812,360.601306,1.515376
PennFudanPed/PNGImages/FudanPed00014.png,252.854787,78.670343,354.064640,360.670742,-0.085627
PennFudanPed/PNGImages/FudanPed00015.png,28.952067,55.615263,123.915232,326.621900,1.978365
PennFudanPed/PNGImages/FudanPed00015.png,114.808495,56.830989,139.568389,128.835862,0.173337
PennFudanPed/PNGImages/FudanPed00015.png,94.712866,77.765359,175.200843,325.821950,-0.116183
PennFudanPed/PNGImages/FudanPed00016.png,404.159236,92.214960,497.710090,374.492068,2.095834
PennFudanPed/PNGImages/FudanPed00016.png,109.739992,80.263480,207.887579,387.136106,1.843640
PennFudanPed/PNGImages/FudanPed00016.png,295.130040,88.353579,390.869148,368.421131,1.793196
PennFudanPed/PNGImages/FudanPed00016.png,242.457132,95.050813,305.858316,268.400278,0.892948
PennFudanPed/PNGImages/FudanPed00016.png,214.899028,96.358239,256.686858,224.049426,-0.708651
PennFudanPed/PNGImages/FudanPed00016.png,158.680132,69.535651,275.000885,387.303665,-0.829054
PennFudanPed/PNGImages/FudanPed00017.png,121.959760,47.924189,225.033557,320.263158,0.536584
PennFudanPed/PNGImages/FudanPed00017.png,189.262841,40.618115,266.000000,318.706749,-0.536660
PennFudanPed/PNGImages/FudanPed00018.png,8.801747,22.961507,92.040491,300.943070,0.227601
PennFudanPed/PNGImages/FudanPed00018.png,93.054385,4.306965,111.947210,65.758543,-0.861536
PennFudanPed/PNGImages/FudanPed00019.png,215.837230,122.080492,313.415146,420.507212,2.215603
PennFudanPed/PNGImages/FudanPed00019.png,21.533733,132.828161,98.156976,383.800378,0.180997
PennFudanPed/PNGImages/FudanPed00019.png,63.557665,104.965928,160.143117,378.986341,-0.657330
PennFudanPed/PNGImages/FudanPed00019.png,377.026738,91.179400,398.231990,160.187620,-0.745912
PennFudanPed/PNGImages/FudanPed00019.png,120.754624,15.999429,168.141793,153.295935,-0.806480
PennFudanPed/PNGImages/FudanPed00019.png,398.222676,67.406922,427.698642,162.664148,-0.925027
PennFudanPed/PNGImages/FudanPed00019.png,1.000000,28.688771,68.443974,267.426136,-0.980139
PennFudanPed/PNGImages/FudanPed00020.png,374.099102,96.630669,457.765736,368.561916,1.801858
PennFudanPed/PNGImages/FudanPed00020.png,101.015770,121.612803,147.333266,266.800072,-0.282073
PennFudanPed/PNGImages/FudanPed00020.png,158.822651,177.805008,187.462485,264.883086,-0.718434
PennFudanPed/PNGImages/FudanPed00020.png,70.062855,170.928441,102.981689,266.514744,-0.905444
PennFudanPed/PNGImages/FudanPed00020.png,82.015941,199.208632,127.970958,337.739694,-0.912037
PennFudanPed/PNGImages/FudanPed00020.png,146.796495,143.932540,187.155649,272.515126,-0.999608
PennFudanPed/PNGImages/FudanPed00021.png,328.640650,80.918208,406.551062,358.571211,1.667231
PennFudanPed/PNGImages/FudanPed00021.png,47.508830,93.093416,70.073208,160.543425,0.742747
PennFudanPed/PNGImages/FudanPed00021.png,241.200808,92.222127,267.467685,168.468911,0.431976
PennFudanPed/PNGImages/FudanPed00021.png,47.944104,52.330856,93.765115,177.969793,-0.255944
PennFudanPed/PNGImages/FudanPed00021.png,382.177075,217.173474,430.810572,364.518648,-0.574597
PennFudanPed/PNGImages/FudanPed00021.png,105.177111,78.083815,148.882924,204.558576,-0.615584
PennFudanPed/PNGImages/FudanPed00021.png,87.630358,94.146484,107.418375,160.795729,-0.650449
PennFudanPed/PNGImages/FudanPed00021.png,57.629651,6.379065,115.884644,174.648809,-0.925837
PennFudanPed/PNGImages/FudanPed00021.png,136.770144,101.481000,178.686114,228.481824,-0.982406
PennFudanPed/PNGImages/FudanPed00022.png,111.036896,168.839028,201.930132,447.635473,3.328893
PennFudanPed/PNGImages/FudanPed00022.png,406.603359,170.481960,501.431137,449.833284,1.164385
PennFudanPed/PNGImages/FudanPed00022.png,42.395880,202.682094,79.277896,319.307387,-0.193828
PennFudanPed/PNGImages/FudanPed00022.png,474.879314,81.126692,511.898401,198.498265,-0.549598
PennFudanPed/PNGImages/FudanPed00022.png,1.000000,145.208439,74.169669,442.381817,-0.592615
PennFudanPed/PNGImages/FudanPed00022.png,6.015850,33.364334,102.073491,328.393600,-0.715340
PennFudanPed/PNGImages/FudanPed00023.png,239.570475,87.525589,327.226474,366.227293,0.401990
PennFudanPed/PNGImages/FudanPed00023.png,183.303301,69.849947,290.785948,370.589908,-0.971494
PennFudanPed/PNGImages/FudanPed00024.png,118.351082,85.906422,215.241335,370.200766,0.763568
PennFudanPed/PNGImages/FudanPed00024.png,418.577032,126.080644,460.092294,256.019876,-0.569081
PennFudanPed/PNGImages/FudanPed00024.png,35.219703,80.282133,101.803340,288.988218,-0.585726
PennFudanPed/PNGImages/FudanPed00024.png,421.983270,97.157408,479.000000,306.945007,-0.754397
PennFudanPed/PNGImages/FudanPed00025.png,43.723159,85.404700,96.177712,249.699686,1.230526
PennFudanPed/PNGImages/FudanPed00025.png,244.197406,63.564576,336.795253,357.327983,1.122260
PennFudanPed/PNGImages/FudanPed00025.png,124.354850,72.324399,193.901761,268.873835,0.442829
PennFudanPed/PNGImages/FudanPed00025.png,171.312383,45.731337,239.891599,267.427262,-0.053540
PennFudanPed/PNGImages/FudanPed00025.png,298.219310,66.367668,380.196341,278.114585,-0.384201
PennFudanPed/PNGImages/FudanPed00025.png,189.816026,12.581428,322.224053,367.483226,-0.764964
PennFudanPed/PNGImages/FudanPed00026.png,39.793858,77.943841,149.810612,384.143402,2.728519
PennFudanPed/PNGImages/FudanPed00026.png,184.214862,82.897660,280.629474,367.042965,1.418108
PennFudanPed/PNGImages/FudanPed00026.png,109.914527,1.000000,193.409150,244.044716,-0.619638
PennFudanPed/PNGImages/FudanPed00026.png,116.943966,146.389043,190.418769,370.128640,-0.780013
PennFudanPed/PNGImages/FudanPed00027.png,14.839854,67.461948,48.538136,165.578371,0.536240
PennFudanPed/PNGImages/FudanPed00027.png,157.576875,44.623504,255.182760,327.139399,0.053275
PennFudanPed/PNGImages/FudanPed00027.png,84.862902,34.052999,196.232385,336.350222,-0.310673
PennFudanPed/PNGImages/FudanPed00028.png,203.176086,20.375483,290.963093,315.051287,1.700708
PennFudanPed/PNGImages/FudanPed00028.png,37.644777,15.013572,129.402315,295.988709,0.778119
PennFudanPed/PNGImages/FudanPed00028.png,89.550866,9.915135,192.877302,291.263750,-0.118287
PennFudanPed/PNGImages/FudanPed00029.png,243.805100,72.301103,328.100765,348.963039,2.024481
PennFudanPed/PNGImages/FudanPed00029.png,32.024387,80.536958,117.003774,318.015300,0.469781
PennFudanPed/PNGImages/FudanPed00029.png,187.060771,35.267130,291.793867,357.030514,-0.388564
PennFudanPed/PNGImages/FudanPed00029.png,130.908835,19.245798,181.873309,182.105464,-0.717113
PennFudanPed/PNGImages/FudanPed00029.png,142.574588,120.026490,188.954565,273.790519,-0.919340
PennFudanPed/PNGImages/FudanPed00030.png,78.914615,90.410688,163.352488,369.915508,0.589515
PennFudanPed/PNGImages/FudanPed00030.png,361.637614,18.869080,405.740841,144.551470,-0.583573
PennFudanPed/PNGImages/FudanPed00030.png,7.282709,15.405655,48.452100,136.279763,-0.724046
PennFudanPed/PNGImages/FudanPed00030.png,46.986485,30.135070,131.257193,255.167636,-0.990058
PennFudanPed/PNGImages/FudanPed00031.png,309.268414,123.556294,414.549405,413.039918,0.147134
PennFudanPed/PNGImages/FudanPed00032.png,460.995882,157.480641,557.530793,450.753376,1.008813
PennFudanPed/PNGImages/FudanPed00032.png,310.097322,55.259995,389.299152,265.182989,-0.451752
PennFudanPed/PNGImages/FudanPed00033.png,189.556165,48.032117,293.285677,347.287601,1.156099
PennFudanPed/PNGImages/FudanPed00033.png,336.922700,87.891941,374.949396,221.947030,0.617833
PennFudanPed/PNGImages/FudanPed00033.png,134.625649,20.404408,241.319265,352.784305,-0.213891
PennFudanPed/PNGImages/FudanPed00033.png,86.384365,26.789164,146.341897,194.329666,-0.349678
PennFudanPed/PNGImages/FudanPed00033.png,257.971867,58.206797,353.190143,337.137839,-0.426521
PennFudanPed/PNGImages/FudanPed00034.png,142.144258,28.300699,240.146741,334.436775,2.972600
PennFudanPed/PNGImages/FudanPed00034.png,74.205436,51.764216,99.605383,131.889424,-0.919113
PennFudanPed/PNGImages/FudanPed00035.png,87.070106,38.194079,176.848004,323.507075,2.264861
PennFudanPed/PNGImages/FudanPed00036.png,824.750991,116.940136,905.131842,379.942326,2.071242
PennFudanPed/PNGImages/FudanPed00036.png,719.700193,134.895437,793.725425,359.853500,1.963834
PennFudanPed/PNGImages/FudanPed00036.png,238.922257,127.155107,324.839280,369.659618,1.515124
PennFudanPed/PNGImages/FudanPed00036.png,168.257904,103.296070,252.231711,364.403334,1.129489
PennFudanPed/PNGImages/FudanPed00036.png,327.369908,204.935327,350.614210,272.966972,-0.000412
PennFudanPed/PNGImages/FudanPed00036.png,518.292468,156.910591,571.776107,315.650587,-0.601811
PennFudanPed/PNGImages/FudanPed00036.png,679.005210,15.959241,794.095288,366.787368,-0.684557
PennFudanPed/PNGImages/FudanPed00036.png,467.628629,146.415392,492.100452,223.693347,-0.818499
PennFudanPed/PNGImages/FudanPed00036.png,776.671323,273.900718,813.602406,384.182489,-0.833158
PennFudanPed/PNGImages/FudanPed00036.png,412.984580,200.912871,473.013243,371.180502,-0.946465
PennFudanPed/PNGImages/FudanPed00037.png,293.431544,60.219196,399.451176,355.149244,2.084572
PennFudanPed/PNGImages/FudanPed00037.png,187.156234,99.437014,211.458066,172.887855,-0.816530
PennFudanPed/PNGImages/FudanPed00037.png,162.772980,91.750595,204.262662,222.505234,-0.920699
PennFudanPed/PNGImages/FudanPed00037.png,176.792519,33.322198,216.534876,148.774135,-0.936083
PennFudanPed/PNGImages/FudanPed00038.png,278.605838,12.191296,336.493135,199.814870,1.504797
PennFudanPed/PNGImages/FudanPed00038.png,260.820414,44.393384,345.935082,318.341889,0.395276
PennFudanPed/PNGImages/FudanPed00038.png,236.666071,203.394173,277.080259,333.942011,-0.127983
PennFudanPed/PNGImages/FudanPed00039.png,129.998551,130.866490,194.107159,318.359278,3.078796
PennFudanPed/PNGImages/FudanPed00039.png,235.946930,129.270149,329.673587,405.332477,2.320508
PennFudanPed/PNGImages/FudanPed00039.png,205.883755,14.456074,294.709539,278.633743,-0.248888
PennFudanPed/PNGImages/FudanPed00039.png,275.919105,221.757104,378.540166,487.000000,-0.279682
PennFudanPed/PNGImages/FudanPed00039.png,234.713545,26.296879,369.934980,417.287488,-0.510940
PennFudanPed/PNGImages/FudanPed00040.png,277.405666,169.701589,369.541082,432.818660,3.662795
PennFudanPed/PNGImages/FudanPed00040.png,193.024304,154.228433,289.253127,437.250234,0.969893
PennFudanPed/PNGImages/FudanPed00040.png,114.855975,262.081897,152.307144,367.755105,0.741457
PennFudanPed/PNGImages/FudanPed00040.png,105.233467,140.164374,143.954207,259.367066,-0.806238
PennFudanPed/PNGImages/FudanPed00041.png,334.778215,162.240556,434.524513,443.210678,2.430621
PennFudanPed/PNGImages/FudanPed00041.png,39.019100,186.173303,108.858697,391.221034,1.826948
PennFudanPed/PNGImages/FudanPed00041.png,268.522222,176.525124,365.443096,441.391095,0.594491
PennFudanPed/PNGImages/FudanPed00041.png,494.224754,138.282270,535.817285,257.924454,0.038463
PennFudanPed/PNGImages/FudanPed00041.png,413.856431,158.709473,469.475363,332.471371,-0.145332
PennFudanPed/PNGImages/FudanPed00041.png,189.984569,28.302974,270.921204,272.070793,-0.476907
PennFudanPed/PNGImages/FudanPed00041.png,283.007315,34.322214,324.922947,165.875437,-0.646666
PennFudanPed/PNGImages/FudanPed00041.png,1.000000,218.935889,69.714699,499.341472,-0.654476
PennFudanPed/PNGImages/FudanPed00041.png,319.076086,48.588013,474.540715,462.431445,-0.873753
PennFudanPed/PNGImages/FudanPed00041.png,258.266543,99.214831,316.244998,277.300752,-0.915338
PennFudanPed/PNGImages/FudanPed00041.png,301.772046,11.142495,340.854398,137.434609,-0.963984
PennFudanPed/PNGImages/FudanPed00041.png,219.452067,5.702361,381.292634,456.527837,-0.971435
PennFudanPed/PNGImages/FudanPed00042.png,147.940023,181.305730,251.994484,467.505960,3.177655
PennFudanPed/PNGImages/FudanPed00042.png,292.433510,163.720656,387.660562,454.091424,2.125097
PennFudanPed/PNGImages/FudanPed00042.png,460.416181,264.916610,549.283452,525.706536,-0.234019
PennFudanPed/PNGImages/FudanPed00042.png,29.270221,102.159391,75.273098,239.905164,-0.873492
PennFudanPed/PNGImages/FudanPed00042.png,433.242600,248.320816,471.143294,366.707246,-0.917330
PennFudanPed/PNGImages/FudanPed00043.png,256.379688,132.678248,360.957270,439.376838,2.105005
PennFudanPed/PNGImages/FudanPed00043.png,62.899122,130.962279,155.362131,416.916102,1.861797
PennFudanPed/PNGImages/FudanPed00043.png,157.410791,137.469296,252.325792,441.575974,1.590004
PennFudanPed/PNGImages/FudanPed00043.png,49.474187,103.278616,212.912529,510.445326,-0.062080
PennFudanPed/PNGImages/FudanPed00043.png,439.071467,153.819032,493.000000,343.490020,-0.728395
PennFudanPed/PNGImages/FudanPed00043.png,404.908070,10.925287,428.824007,78.278129,-0.791774
PennFudanPed/PNGImages/FudanPed00043.png,25.456346,132.174054,65.369432,250.297312,-0.992329
PennFudanPed/PNGImages/FudanPed00044.png,332.566634,176.087638,424.597401,448.567959,2.219697
PennFudanPed/PNGImages/FudanPed00044.png,51.348564,128.826947,171.441493,494.000000,1.655008
PennFudanPed/PNGImages/FudanPed00044.png,430.424519,158.624198,512.104110,395.844725,1.155822
PennFudanPed/PNGImages/FudanPed00044.png,248.308861,163.568635,339.788044,458.228938,0.788879
PennFudanPed/PNGImages/FudanPed00045.png,314.303816,199.276825,411.002632,495.532897,1.968792
PennFudanPed/PNGImages/FudanPed00045.png,239.604227,198.019059,321.149024,427.377132,1.489872
PennFudanPed/PNGImages/FudanPed00045.png,190.299014,190.929052,280.356445,477.601875,0.896692
PennFudanPed/PNGImages/FudanPed00045.png,388.032886,184.128411,478.641701,493.720114,0.604776
PennFudanPed/PNGImages/FudanPed00045.png,148.984022,176.013597,222.675808,400.993430,0.278114
PennFudanPed/PNGImages/FudanPed00045.png,304.475017,64.646609,457.532987,507.051865,-0.639094
PennFudanPed/PNGImages/FudanPed00045.png,2.671904,275.291079,22.479230,337.371867,-0.758206
PennFudanPed/PNGImages/FudanPed00045.png,118.682586,202.368110,170.913805,358.236299,-0.907155
PennFudanPed/PNGImages/FudanPed00045.png,109.957493,188.088769,225.456301,511.922860,-0.946034
PennFudanPed/PNGImages/FudanPed00046.png,447.006920,101.446820,511.736106,315.294242,2.336804
PennFudanPed/PNGImages/FudanPed00046.png,166.308370,105.633082,267.155683,417.237914,2.157918
PennFudanPed/PNGImages/FudanPed00046.png,297.133608,112.508877,376.196953,342.395242,1.501200
PennFudanPed/PNGImages/FudanPed00046.png,366.362675,120.482603,421.900118,327.835350,0.793229
PennFudanPed/PNGImages/FudanPed00046.png,518.396432,126.191070,559.163355,262.018385,0.681986
PennFudanPed/PNGImages/FudanPed00046.png,235.181706,109.606489,336.809689,401.163011,0.085997
PennFudanPed/PNGImages/FudanPed00046.png,333.597906,14.444041,414.300461,244.654721,-0.123130
PennFudanPed/PNGImages/FudanPed00046.png,496.041032,103.602602,532.977804,221.826610,-0.222164
PennFudanPed/PNGImages/FudanPed00046.png,333.584913,110.404819,431.213525,384.321004,-0.531213
PennFudanPed/PNGImages/FudanPed00046.png,364.079167,19.589308,481.648947,321.070878,-0.950424
PennFudanPed/PNGImages/FudanPed00047.png,385.924898,182.305591,425.843780,300.694817,2.719705
PennFudanPed/PNGImages/FudanPed00047.png,281.473704,194.241012,369.755026,481.085173,1.880538
PennFudanPed/PNGImages/FudanPed00047.png,24.865315,198.407762,91.343113,380.716796,1.135468
PennFudanPed/PNGImages/FudanPed00047.png,65.061174,160.529638,178.502435,500.062909,1.070022
PennFudanPed/PNGImages/FudanPed00047.png,135.071711,200.573740,233.702851,489.372365,0.394548
PennFudanPed/PNGImages/FudanPed00047.png,221.268764,190.571218,303.110242,410.374031,0.168113
PennFudanPed/PNGImages/FudanPed00047.png,250.137630,68.189080,386.632845,506.906025,0.098862
PennFudanPed/PNGImages/FudanPed00047.png,181.518228,176.120054,297.218643,484.963327,-0.074351
PennFudanPed/PNGImages/FudanPed00047.png,421.422277,177.263850,471.492762,331.793347,-0.311315
PennFudanPed/PNGImages/FudanPed00048.png,475.861682,261.372375,568.755117,529.208143,2.243536
PennFudanPed/PNGImages/FudanPed00048.png,325.458259,248.380933,368.265502,376.922856,2.240917
PennFudanPed/PNGImages/FudanPed00048.png,68.040927,228.865981,146.933880,459.493712,1.911356
PennFudanPed/PNGImages/FudanPed00048.png,148.352458,213.916714,248.870101,500.889344,1.595029
PennFudanPed/PNGImages/FudanPed00048.png,1.910098,232.410804,101.845694,524.136587,0.955777
PennFudanPed/PNGImages/FudanPed00048.png,105.496674,122.319516,233.090699,522.621512,-0.114548
PennFudanPed/PNGImages/FudanPed00048.png,37.741944,170.186689,147.054636,530.980795,-0.191692
PennFudanPed/PNGImages/FudanPed00048.png,313.360517,193.206299,378.273436,385.425394,-0.323249
PennFudanPed/PNGImages/FudanPed00048.png,443.828919,243.740246,464.914112,298.374985,-0.403600
PennFudanPed/PNGImages/FudanPed00048.png,432.037137,181.763906,472.202208,294.319098,-0.526861
PennFudanPed/PNGImages/FudanPed00048.png,432.552789,132.918638,490.366756,302.112553,-0.541820
PennFudanPed/PNGImages/FudanPed00048.png,350.343660,39.420804,443.315359,304.286485,-0.607301
PennFudanPed/PNGImages/FudanPed00048.png,299.605604,23.530448,400.735744,356.400486,-0.838363
PennFudanPed/PNGImages/FudanPed00048.png,536.085457,208.072154,565.958789,289.279405,-0.853454
PennFudanPed/PNGImages/FudanPed00048.png,276.716687,266.738240,367.095416,513.070045,-0.907242
PennFudanPed/PNGImages/FudanPed00048.png,377.454172,427.232802,417.441055,545.650289,-0.943295
PennFudanPed/PNGImages/FudanPed00049.png,120.337182,115.399718,216.751233,416.627107,0.761180
PennFudanPed/PNGImages/FudanPed00049.png,297.958924,127.194496,374.310271,385.634175,0.288518
PennFudanPed/PNGImages/FudanPed00049.png,210.946550,100.259543,316.266869,386.521378,0.027968
PennFudanPed/PNGImages/FudanPed00049.png,363.247285,113.175297,404.037428,242.681311,-0.336821
PennFudanPed/PNGImages/FudanPed00049.png,395.524204,76.214317,438.108488,217.910901,-0.941657
PennFudanPed/PNGImages/FudanPed00050.png,33.113942,201.144760,135.937010,488.223763,3.555300
PennFudanPed/PNGImages/FudanPed00050.png,299.329006,215.018338,365.404661,420.461992,0.617330
PennFudanPed/PNGImages/FudanPed00050.png,377.516883,133.854047,399.660702,204.879157,-0.840014
PennFudanPed/PNGImages/FudanPed00050.png,329.126686,16.862751,369.919491,134.667465,-0.983778
PennFudanPed/PNGImages/FudanPed00051.png,133.208274,187.305483,219.903655,475.694481,2.055494
PennFudanPed/PNGImages/FudanPed00051.png,15.823055,73.244237,88.910507,302.270944,-0.895035
PennFudanPed/PNGImages/FudanPed00052.png,201.443440,185.772628,317.936790,495.992818,1.552107
PennFudanPed/PNGImages/FudanPed00052.png,406.124280,53.005264,454.572899,197.686975,-0.973281
PennFudanPed/PNGImages/FudanPed00053.png,93.010778,166.299613,183.297445,437.649601,1.323189
PennFudanPed/PNGImages/FudanPed00053.png,400.127984,148.353341,502.410998,453.073183,0.824565
PennFudanPed/PNGImages/FudanPed00053.png,331.916812,138.879644,357.882237,216.653660,-0.700771
PennFudanPed/PNGImages/FudanPed00053.png,295.984677,32.606705,365.598223,217.478531,-0.786271
PennFudanPed/PNGImages/FudanPed00053.png,294.386090,176.673559,375.492266,425.708897,-0.860753
PennFudanPed/PNGImages/FudanPed00053.png,386.127018,4.281990,403.710335,65.008096,-0.871391
PennFudanPed/PNGImages/FudanPed00054.png,290.705670,112.974413,358.646957,332.967099,3.479946
PennFudanPed/PNGImages/FudanPed00054.png,362.017010,126.733151,431.407455,330.371471,3.442938
PennFudanPed/PNGImages/FudanPed00054.png,94.225059,132.926490,182.695519,419.633111,0.877284
PennFudanPed/PNGImages/FudanPed00054.png,493.863467,120.374287,515.363026,194.096973,0.564456
PennFudanPed/PNGImages/FudanPed00054.png,77.608090,36.497759,219.823589,423.771407,-0.159591
PennFudanPed/PNGImages/FudanPed00055.png,158.891145,175.376157,271.439946,530.463388,3.706564
PennFudanPed/PNGImages/FudanPed00055.png,47.902424,79.381692,122.393085,293.997946,-0.634589
PennFudanPed/PNGImages/FudanPed00055.png,114.802692,108.989781,207.196022,356.162869,-0.726792
PennFudanPed/PNGImages/FudanPed00056.png,254.509143,260.611510,347.804511,536.242227,2.051005
PennFudanPed/PNGImages/FudanPed00056.png,198.468878,257.085285,286.910916,533.780998,1.288903
PennFudanPed/PNGImages/FudanPed00056.png,445.823337,254.648325,533.089770,519.153051,1.280521
PennFudanPed/PNGImages/FudanPed00056.png,198.212083,161.192752,342.898522,539.254951,0.005741
PennFudanPed/PNGImages/FudanPed00056.png,423.832517,127.283542,541.718569,521.477731,-0.218779
PennFudanPed/PNGImages/FudanPed00056.png,102.022983,85.922530,158.524742,244.880316,-0.522182
PennFudanPed/PNGImages/FudanPed00056.png,79.809208,325.589483,105.269964,400.170818,-0.676391
PennFudanPed/PNGImages/FudanPed00056.png,181.172280,94.523900,229.700467,227.390906,-0.875040
PennFudanPed/PNGImages/FudanPed00057.png,18.091735,85.930365,133.401571,411.720841,2.419913
PennFudanPed/PNGImages/FudanPed00057.png,236.882921,78.959005,322.126334,355.299754,2.180935
PennFudanPed/PNGImages/FudanPed00057.png,137.066557,93.542604,206.575425,316.322364,1.504806
PennFudanPed/PNGImages/FudanPed00057.png,338.402957,113.943195,391.907237,270.314189,0.889665
PennFudanPed/PNGImages/FudanPed00057.png,386.040424,116.888455,423.551567,233.151577,0.864266
PennFudanPed/PNGImages/FudanPed00058.png,352.204912,93.084079,411.718618,279.208829,3.622053
PennFudanPed/PNGImages/FudanPed00058.png,292.494163,102.970964,348.267869,278.916610,3.069950
PennFudanPed/PNGImages/FudanPed00058.png,144.622109,89.511235,270.922326,465.149487,2.487625
PennFudanPed/PNGImages/FudanPed00058.png,426.220885,125.173769,445.616561,184.595155,2.330958
PennFudanPed/PNGImages/FudanPed00058.png,489.550451,120.472192,516.070543,207.672978,0.509864
PennFudanPed/PNGImages/FudanPed00058.png,469.483646,113.624614,490.868123,184.784087,0.016129
PennFudanPed/PNGImages/FudanPed00058.png,38.898290,122.082830,68.577774,211.857184,-0.165267
PennFudanPed/PNGImages/FudanPed00058.png,415.790790,60.172218,457.255211,184.530586,-0.758253
PennFudanPed/PNGImages/FudanPed00058.png,466.241057,74.415692,501.880072,186.380926,-0.801740
PennFudanPed/PNGImages/FudanPed00058.png,105.818585,46.249996,199.298340,300.773081,-0.938359
PennFudanPed/PNGImages/FudanPed00059.png,163.046061,38.908736,256.314303,326.579035,3.564085
PennFudanPed/PNGImages/FudanPed00059.png,275.732227,46.503113,362.289503,310.735385,2.892770
PennFudanPed/PNGImages/FudanPed00059.png,35.628640,48.081773,133.313666,329.557346,2.753107
PennFudanPed/PNGImages/FudanPed00059.png,432.571089,181.631300,451.900949,240.160752,-0.686476
PennFudanPed/PNGImages/FudanPed00059.png,91.526967,27.515549,181.694476,291.453852,-0.700289
PennFudanPed/PNGImages/FudanPed00060.png,402.100828,150.811688,496.423783,421.861180,2.159148
PennFudanPed/PNGImages/FudanPed00060.png,202.866014,132.949906,293.726881,413.054270,1.704435
PennFudanPed/PNGImages/FudanPed00060.png,277.647384,131.150500,383.156185,428.282600,1.620300
PennFudanPed/PNGImages/FudanPed00060.png,136.288343,85.676631,176.411066,194.073063,-0.171546
PennFudanPed/PNGImages/FudanPed00060.png,342.198038,24.164948,462.540451,381.428595,-0.758358
PennFudanPed/PNGImages/FudanPed00061.png,335.056185,82.790798,431.213095,387.354941,3.238052
PennFudanPed/PNGImages/FudanPed00061.png,170.046340,74.960556,262.818364,353.210942,2.170420
PennFudanPed/PNGImages/FudanPed00061.png,409.030867,84.285065,512.439668,393.772373,1.062736
PennFudanPed/PNGImages/FudanPed00061.png,119.280345,81.093296,160.727567,196.966902,-0.597670
PennFudanPed/PNGImages/FudanPed00061.png,21.540236,64.457218,55.440893,165.902293,-0.923171
PennFudanPed/PNGImages/FudanPed00062.png,173.760428,22.187193,255.347843,264.704162,2.442847
PennFudanPed/PNGImages/FudanPed00062.png,294.168094,31.516967,390.637071,323.612397,1.814639
PennFudanPed/PNGImages/FudanPed00062.png,73.736361,55.432347,94.122843,118.535862,-0.859495
PennFudanPed/PNGImages/FudanPed00063.png,154.913924,42.695704,258.041443,336.042504,2.096665
PennFudanPed/PNGImages/FudanPed00063.png,19.163475,42.882128,111.819474,329.832722,1.980019
PennFudanPed/PNGImages/FudanPed00063.png,312.824750,49.695644,330.369865,102.016596,0.630376
PennFudanPed/PNGImages/FudanPed00063.png,130.567336,52.632306,166.735204,172.185441,0.109147
PennFudanPed/PNGImages/FudanPed00063.png,122.526288,7.960758,184.121588,189.426991,-0.417583
PennFudanPed/PNGImages/FudanPed00063.png,291.632097,60.782206,374.839835,306.769151,-0.720700
PennFudanPed/PNGImages/FudanPed00064.png,161.901007,94.990627,248.223961,384.240825,2.590487
PennFudanPed/PNGImages/FudanPed00064.png,396.320000,105.430570,501.387192,403.532376,1.496405
PennFudanPed/PNGImages/FudanPed00064.png,313.660492,100.286095,407.445564,400.497154,0.972216
PennFudanPed/PNGImages/FudanPed00064.png,41.321947,18.652012,63.863378,86.862503,-0.723531
PennFudanPed/PNGImages/FudanPed00064.png,53.255951,92.174420,74.523094,152.957539,-0.742582
PennFudanPed/PNGImages/FudanPed00064.png,485.434843,70.869560,512.606529,150.302506,-0.899382
PennFudanPed/PNGImages/FudanPed00064.png,107.771575,55.370081,143.539595,179.089338,-0.923667
PennFudanPed/PNGImages/FudanPed00065.png,336.551528,84.100241,422.717123,350.888203,2.389370
PennFudanPed/PNGImages/FudanPed00065.png,38.709405,72.029456,143.276938,381.288341,1.594645
PennFudanPed/PNGImages/FudanPed00065.png,228.045353,94.822764,318.030771,393.890409,1.529165
PennFudanPed/PNGImages/FudanPed00065.png,142.772617,75.453176,246.125641,382.080130,1.382814
PennFudanPed/PNGImages/FudanPed00065.png,9.706021,55.895016,54.433815,179.256021,0.130374
PennFudanPed/PNGImages/FudanPed00066.png,237.056063,47.617506,338.422909,347.545742,1.695866
PennFudanPed/PNGImages/FudanPed00067.png,64.616955,75.199645,157.399678,373.777319,2.404913
PennFudanPed/PNGImages/FudanPed00067.png,343.622091,37.450965,387.912758,164.075958,-0.733658
PennFudanPed/PNGImages/FudanPed00067.png,299.756134,73.155795,332.410130,176.739411,-0.966214
PennFudanPed/PNGImages/FudanPed00068.png,238.992926,59.683822,335.509696,365.213518,2.328202
PennFudanPed/PNGImages/FudanPed00068.png,137.995070,11.872012,180.101717,136.556010,-0.773491
PennFudanPed/PNGImages/FudanPed00069.png,215.045198,63.611074,316.498297,361.717866,2.795102
PennFudanPed/PNGImages/FudanPed00069.png,110.032265,35.584157,131.989293,97.847228,-0.933525
PennFudanPed/PNGImages/FudanPed00070.png,282.753177,60.057869,376.915084,367.548151,3.343930
PennFudanPed/PNGImages/FudanPed00071.png,127.845926,37.060894,229.167642,338.929707,2.543566
PennFudanPed/PNGImages/FudanPed00071.png,254.157614,35.882619,342.521864,310.817096,1.065192
PennFudanPed/PNGImages/FudanPed00071.png,225.332248,53.996166,251.837017,128.266182,-0.552819
PennFudanPed/PNGImages/FudanPed00072.png,49.513519,42.258696,142.463325,332.401355,2.411832
PennFudanPed/PNGImages/FudanPed00073.png,59.917678,66.353147,163.682919,362.974634,2.933652
PennFudanPed/PNGImages/FudanPed00073.png,177.910943,57.918320,271.903109,349.755542,1.763937
PennFudanPed/PNGImages/FudanPed00074.png,35.218447,48.576317,118.062386,348.603919,2.463110
PennFudanPed/PNGImages/FudanPed00074.png,181.722568,55.518399,269.338927,332.610014,1.271636
PennFudanPed/PNGImages/PennPed00001.png,399.135880,33.768010,498.140803,318.100910,1.430049
PennFudanPed/PNGImages/PennPed00001.png,204.424547,22.894096,269.017561,197.459279,1.316658
PennFudanPed/PNGImages/PennPed00001.png,277.500323,70.837952,359.532058,331.540631,1.170583
PennFudanPed/PNGImages/PennPed00001.png,371.526786,70.726797,419.892458,220.162550,0.923461
PennFudanPed/PNGImages/PennPed00001.png,86.587585,75.655587,167.113588,321.251991,0.597900
PennFudanPed/PNGImages/PennPed00001.png,511.810796,58.839912,598.660930,316.806885,0.101635
PennFudanPed/PNGImages/PennPed00001.png,327.899724,47.679690,389.385029,225.116533,-0.386647
PennFudanPed/PNGImages/PennPed00001.png,246.542809,17.857886,325.143050,220.405567,-0.900807
PennFudanPed/PNGImages/PennPed00001.png,42.071698,65.019067,76.684680,169.332419,-0.916826
PennFudanPed/PNGImages/PennPed00002.png,379.937680,28.471275,481.389103,322.691251,1.438545
PennFudanPed/PNGImages/PennPed00002.png,16.489011,70.827459,96.816333,312.347568,1.077207
PennFudanPed/PNGImages/PennPed00002.png,271.439217,84.491439,348.470279,304.186176,0.857865
PennFudanPed/PNGImages/PennPed00002.png,73.181148,42.927443,152.652658,289.927906,0.564750
PennFudanPed/PNGImages/PennPed00002.png,618.845844,40.140723,713.520130,345.503972,0.098078
PennFudanPed/PNGImages/PennPed00002.png,518.094142,43.828895,601.283342,311.060258,0.051659
PennFudanPed/PNGImages/PennPed00002.png,139.997201,93.789416,179.377560,228.649453,-0.302094
PennFudanPed/PNGImages/PennPed00002.png,122.147885,37.536052,193.059989,233.106383,-0.586217
PennFudanPed/PNGImages/PennPed00002.png,304.317920,10.780840,354.445819,155.674419,-0.709746
PennFudanPed/PNGImages/PennPed00002.png,225.001998,8.171552,264.327981,135.188275,-0.881770
PennFudanPed/PNGImages/PennPed00003.png,443.901111,55.627208,530.821534,351.751932,2.487647
PennFudanPed/PNGImages/PennPed00003.png,533.586028,85.249250,640.332174,386.685294,1.841312
PennFudanPed/PNGImages/PennPed00003.png,13.931883,18.751826,116.982854,357.395272,-0.141501
PennFudanPed/PNGImages/PennPed00003.png,222.415393,166.390970,265.902999,304.256584,-0.598660
PennFudanPed/PNGImages/PennPed00004.png,607.564138,106.680068,702.517793,399.056095,1.433257
PennFudanPed/PNGImages/PennPed00004.png,218.963425,93.217255,319.384252,392.384025,1.410703
PennFudanPed/PNGImages/PennPed00004.png,416.358320,100.567156,509.049910,394.129012,1.334314
PennFudanPed/PNGImages/PennPed00004.png,63.678261,56.795230,164.283729,389.614283,0.485354
PennFudanPed/PNGImages/PennPed00004.png,141.972166,87.481066,238.393764,375.290770,0.216457
PennFudanPed/PNGImages/PennPed00004.png,502.520396,195.858492,525.795914,275.007285,-0.822271
PennFudanPed/PNGImages/PennPed00004.png,327.984940,185.046651,382.354261,341.487563,-0.872603
PennFudanPed/PNGImages/PennPed00004.png,698.396935,199.361242,746.361254,341.685242,-0.882772
PennFudanPed/PNGImages/PennPed00005.png,292.088114,137.438252,402.697846,435.923371,1.413475
PennFudanPed/PNGImages/PennPed00005.png,549.930067,151.663707,659.672365,440.260966,1.027767
PennFudanPed/PNGImages/PennPed00005.png,148.524378,150.422090,242.830328,408.557282,0.877902
PennFudanPed/PNGImages/PennPed00005.png,61.637510,152.926342,100.495710,284.044825,0.830504
PennFudanPed/PNGImages/PennPed00005.png,58.127615,123.502220,152.944121,402.384029,0.304490
PennFudanPed/PNGImages/PennPed00006.png,92.070376,71.980814,205.832016,403.278524,1.859156
PennFudanPed/PNGImages/PennPed00006.png,218.680425,93.975524,312.964953,390.197559,0.724098
PennFudanPed/PNGImages/PennPed00006.png,4.648152,83.855649,107.707658,404.889128,-0.028378
PennFudanPed/PNGImages/PennPed00006.png,477.539679,116.513310,556.025370,344.601097,-0.583087
PennFudanPed/PNGImages/PennPed00006.png,533.666406,147.927569,590.906217,321.958498,-0.839876
PennFudanPed/PNGImages/PennPed00006.png,473.831654,100.375840,593.187887,423.805659,-0.967420
PennFudanPed/PNGImages/PennPed00007.png,134.127373,80.265898,210.221140,338.853447,1.175145
PennFudanPed/PNGImages/PennPed00007.png,210.892961,68.257863,310.965004,372.401412,1.063355
PennFudanPed/PNGImages/PennPed00007.png,429.990604,71.994280,504.474857,278.027384,0.999829
PennFudanPed/PNGImages/PennPed00007.png,273.936320,65.435343,382.380941,378.076958,0.965378
PennFudanPed/PNGImages/PennPed00007.png,78.921371,54.872910,164.228983,343.130398,0.845347
PennFudanPed/PNGImages/PennPed00008.png,79.164834,62.851570,173.439307,362.923346,1.726173
PennFudanPed/PNGImages/PennPed00008.png,250.677736,81.475448,308.311728,272.051932,1.050206
PennFudanPed/PNGImages/PennPed00008.png,226.526566,65.522451,310.626296,329.299955,0.381582
PennFudanPed/PNGImages/PennPed00008.png,263.352029,152.820989,349.128848,385.107368,0.229700
PennFudanPed/PNGImages/PennPed00008.png,275.924051,72.577397,386.092085,390.760495,0.119453
PennFudanPed/PNGImages/PennPed00008.png,402.406374,50.927109,440.511631,164.274772,-0.894793
PennFudanPed/PNGImages/PennPed00009.png,155.976139,81.955768,237.500539,343.786714,1.796689
PennFudanPed/PNGImages/PennPed00009.png,326.714644,81.701261,407.034966,365.044675,0.826013
PennFudanPed/PNGImages/PennPed00009.png,447.429019,79.797088,504.146451,259.976556,0.139921
PennFudanPed/PNGImages/PennPed00009.png,465.880507,38.196024,580.211555,389.987265,-0.020820
PennFudanPed/PNGImages/PennPed00009.png,81.512925,82.797771,138.976159,269.863385,-0.159262
PennFudanPed/PNGImages/PennPed00009.png,223.715505,82.031377,284.304117,263.877148,-0.212250
PennFudanPed/PNGImages/PennPed00009.png,41.363501,52.088550,154.742577,404.708643,-0.688970
PennFudanPed/PNGImages/PennPed00009.png,530.103103,22.079925,645.540021,391.231997,-0.802490
PennFudanPed/PNGImages/PennPed00010.png,312.057735,134.211496,434.813868,473.984885,2.018465
PennFudanPed/PNGImages/PennPed00010.png,481.808311,62.997293,608.837037,411.491912,1.096715
PennFudanPed/PNGImages/PennPed00010.png,380.368628,57.591579,497.456767,376.587252,1.048397
PennFudanPed/PNGImages/PennPed00010.png,179.484137,50.250588,272.763145,341.103680,0.626999
PennFudanPed/PNGImages/PennPed00010.png,573.128335,29.735381,676.783071,324.634315,0.403049
PennFudanPed/PNGImages/PennPed00010.png,36.073309,58.605858,123.839879,342.453034,0.279252
PennFudanPed/PNGImages/PennPed00010.png,267.167714,122.578420,343.647473,342.059421,-0.322311
PennFudanPed/PNGImages/PennPed00010.png,232.498576,37.363020,334.992266,342.825344,-0.765901
PennFudanPed/PNGImages/PennPed00010.png,16.309560,22.865539,53.867268,145.891482,-0.967078
PennFudanPed/PNGImages/PennPed00011.png,123.705759,58.086318,203.237673,314.026537,-0.157858
PennFudanPed/PNGImages/PennPed00011.png,251.660238,45.256468,358.327110,361.591784,-0.196817
PennFudanPed/PNGImages/PennPed00011.png,76.693264,54.061037,166.157031,339.073278,-0.675665
PennFudanPed/PNGImages/PennPed00011.png,393.795729,228.016761,419.018799,301.286590,-0.953185
PennFudanPed/PNGImages/PennPed00012.png,142.807108,123.698184,221.338010,390.212670,0.350453
PennFudanPed/PNGImages/PennPed00012.png,481.237110,291.209154,506.025827,360.850002,-0.907959
PennFudanPed/PNGImages/PennPed00013.png,113.402229,76.864181,208.655506,356.701005,3.392869
PennFudanPed/PNGImages/PennPed00013.png,275.739495,86.399860,361.177345,354.210483,3.071016
PennFudanPed/PNGImages/PennPed00013.png,216.637448,86.067915,256.464463,197.853701,2.433773
PennFudanPed/PNGImages/PennPed00013.png,397.623381,76.788932,491.086298,353.508760,2.085632
PennFudanPed/PNGImages/PennPed00013.png,130.010675,30.783772,319.761909,385.000000,-0.802022
PennFudanPed/PNGImages/PennPed00014.png,221.927570,67.405827,313.644165,340.495502,3.673813
PennFudanPed/PNGImages/PennPed00014.png,131.237312,34.932450,198.623465,232.171163,3.605566
PennFudanPed/PNGImages/PennPed00014.png,353.393174,57.264652,444.150211,337.237493,3.074740
PennFudanPed/PNGImages/PennPed00014.png,236.287413,50.630805,403.296946,368.000000,-0.355959
PennFudanPed/PNGImages/PennPed00014.png,72.683524,24.614574,177.727908,352.375441,-0.951273
PennFudanPed/PNGImages/PennPed00014.png,141.886321,27.622503,236.017697,293.409398,-0.985586
PennFudanPed/PNGImages/PennPed00015.png,181.551365,91.313617,271.648989,405.568896,1.623251
PennFudanPed/PNGImages/PennPed00015.png,324.876908,75.366701,423.833429,361.309397,0.771204
PennFudanPed/PNGImages/PennPed00015.png,739.329220,86.294420,827.561738,379.987939,0.598065
PennFudanPed/PNGImages/PennPed00015.png,689.329973,78.806200,790.508882,362.491943,-0.921065
PennFudanPed/PNGImages/PennPed00016.png,473.213674,57.998167,570.544485,357.772808,2.295543
PennFudanPed/PNGImages/PennPed00016.png,220.022956,84.766074,314.438988,369.159096,1.734945
PennFudanPed/PNGImages/PennPed00016.png,70.348039,48.660244,166.073959,363.832897,0.312436
PennFudanPed/PNGImages/PennPed00016.png,553.788312,89.300573,592.811435,237.638684,0.023766
PennFudanPed/PNGImages/PennPed00016.png,190.443506,12.753908,241.432104,147.215938,-0.621605
PennFudanPed/PNGImages/PennPed00016.png,18.064787,86.974627,65.990102,227.880492,-0.848243
PennFudanPed/PNGImages/PennPed00016.png,573.693609,42.824448,615.273457,173.695116,-0.989725
PennFudanPed/PNGImages/PennPed00017.png,111.400554,46.001330,203.071867,374.785243,1.426151
PennFudanPed/PNGImages/PennPed00017.png,299.514139,41.473833,391.348323,332.402005,0.722530
PennFudanPed/PNGImages/PennPed00017.png,228.970651,43.779897,338.045183,351.020860,-0.797886
PennFudanPed/PNGImages/PennPed00018.png,63.468758,31.896273,156.763458,315.269294,2.604862
PennFudanPed/PNGImages/PennPed00018.png,176.304524,68.186788,254.772472,298.967561,0.410400
PennFudanPed/PNGImages/PennPed00019.png,156.862025,62.964054,252.493929,357.873556,2.452801
PennFudanPed/PNGImages/PennPed00019.png,524.103139,75.146394,629.587435,379.231897,2.395643
PennFudanPed/PNGImages/PennPed00019.png,448.810284,66.757680,545.417555,368.774752,1.681659
PennFudanPed/PNGImages/PennPed00019.png,17.958198,76.594518,107.336602,356.764892,1.652041
PennFudanPed/PNGImages/PennPed00019.png,313.300942,47.627561,420.637900,364.572824,1.511732
PennFudanPed/PNGImages/PennPed00019.png,592.055286,77.027444,677.527995,380.038582,0.986796
PennFudanPed/PNGImages/PennPed00019.png,362.969870,39.044857,476.338970,386.066822,0.896602
PennFudanPed/PNGImages/PennPed00019.png,261.903379,66.077293,294.034096,158.780934,0.266052
PennFudanPed/PNGImages/PennPed00019.png,295.280778,83.634515,318.635156,157.375046,-0.491859
PennFudanPed/PNGImages/PennPed00020.png,182.125160,122.529888,269.802193,369.384346,1.171097
PennFudanPed/PNGImages/PennPed00020.png,411.386043,72.247725,510.894648,364.079171,1.009221
PennFudanPed/PNGImages/PennPed00020.png,634.539757,150.555549,686.061060,306.625617,0.284955
PennFudanPed/PNGImages/PennPed00020.png,493.692828,80.352596,579.847128,347.478434,0.237460
PennFudanPed/PNGImages/PennPed00020.png,362.955114,50.676400,443.889887,304.562724,-0.628879
PennFudanPed/PNGImages/PennPed00020.png,605.452638,82.291008,650.317341,220.271385,-0.737602
PennFudanPed/PNGImages/PennPed00020.png,663.734845,105.524214,706.413317,224.100167,-0.829824
PennFudanPed/PNGImages/PennPed00020.png,158.001684,1.000000,298.171303,383.994929,-0.989360
PennFudanPed/PNGImages/PennPed00021.png,107.009594,113.041038,197.955987,386.113012,0.869253
PennFudanPed/PNGImages/PennPed00021.png,479.780174,82.877202,565.418660,344.400163,0.691350
PennFudanPed/PNGImages/PennPed00021.png,549.616402,111.008797,642.175668,386.239931,0.218669
PennFudanPed/PNGImages/PennPed00021.png,463.930944,40.872637,597.633824,417.700258,-0.000180
PennFudanPed/PNGImages/PennPed00021.png,651.433795,114.045093,695.159850,243.084126,-0.579478
PennFudanPed/PNGImages/PennPed00021.png,415.692140,68.001121,490.285966,303.258744,-0.753730
PennFudanPed/PNGImages/PennPed00021.png,222.851622,136.187727,271.667158,279.044811,-0.878441
PennFudanPed/PNGImages/PennPed00021.png,292.918956,100.085402,313.424196,164.321304,-0.943635
PennFudanPed/PNGImages/PennPed00021.png,25.357313,195.779053,48.233632,272.523673,-0.978249
PennFudanPed/PNGImages/PennPed00022.png,255.674880,149.009401,336.894853,421.572544,1.676929
PennFudanPed/PNGImages/PennPed00022.png,701.807396,116.787720,799.277945,383.709178,1.517541
PennFudanPed/PNGImages/PennPed00022.png,159.573370,151.381101,238.268243,395.685534,0.754969
PennFudanPed/PNGImages/PennPed00022.png,97.662702,94.538141,217.210528,443.570588,0.619594
PennFudanPed/PNGImages/PennPed00022.png,449.778091,222.194693,488.429151,345.271568,0.499195
PennFudanPed/PNGImages/PennPed00022.png,363.899198,163.035990,419.776858,349.437991,0.106922
PennFudanPed/PNGImages/PennPed00022.png,285.925455,30.426955,429.617351,437.646481,-0.519865
PennFudanPed/PNGImages/PennPed00022.png,560.219553,132.445187,602.431846,249.668074,-0.673074
PennFudanPed/PNGImages/PennPed00022.png,434.016309,134.581389,480.074422,280.684118,-0.683664
PennFudanPed/PNGImages/PennPed00022.png,134.293001,10.874833,264.441192,347.438573,-0.768066
PennFudanPed/PNGImages/PennPed00022.png,28.513039,1.000000,188.449827,440.143350,-0.806259
PennFudanPed/PNGImages/PennPed00022.png,574.829472,26.283448,669.399265,297.629402,-0.866002
PennFudanPed/PNGImages/PennPed00022.png,429.411733,67.948915,513.523358,337.137788,-0.877462
PennFudanPed/PNGImages/PennPed00022.png,827.255143,140.914704,876.290964,293.415093,-0.944791
PennFudanPed/PNGImages/PennPed00023.png,136.592624,60.206673,220.537683,317.565262,-0.412738
PennFudanPed/PNGImages/PennPed00023.png,313.302705,14.914791,381.195784,205.420731,-0.722214
PennFudanPed/PNGImages/PennPed00023.png,361.154138,16.201519,404.882935,146.915724,-0.817671
PennFudanPed/PNGImages/PennPed00024.png,77.870111,53.302820,182.810164,351.212815,0.916298
PennFudanPed/PNGImages/PennPed00025.png,413.527268,14.476149,431.879052,73.226861,0.553805
PennFudanPed/PNGImages/PennPed00025.png,113.001170,29.657931,202.585781,316.052375,0.127290
PennFudanPed/PNGImages/PennPed00025.png,189.128804,157.174950,236.235827,308.178984,-0.378958
PennFudanPed/PNGImages/PennPed00025.png,394.829632,1.000000,417.331164,71.605103,-0.896217
PennFudanPed/PNGImages/PennPed00026.png,340.699393,93.064481,429.739830,380.445928,0.551153
PennFudanPed/PNGImages/PennPed00026.png,195.195856,178.314452,259.943460,378.851715,-0.242165
PennFudanPed/PNGImages/PennPed00026.png,201.630808,102.486360,290.994290,370.105153,-0.243681
PennFudanPed/PNGImages/PennPed00026.png,87.422002,87.074573,109.603062,151.284724,-0.799023
PennFudanPed/PNGImages/PennPed00026.png,74.190490,39.291053,111.817712,156.964936,-0.849287
PennFudanPed/PNGImages/PennPed00026.png,257.692983,68.001457,371.970388,371.776881,-0.863380
PennFudanPed/PNGImages/PennPed00027.png,117.095545,54.018036,218.041167,342.839125,1.939163
PennFudanPed/PNGImages/PennPed00027.png,341.464517,88.079926,427.098010,325.745052,1.019081
PennFudanPed/PNGImages/PennPed00027.png,236.940077,79.879146,327.150964,353.198786,0.773303
PennFudanPed/PNGImages/PennPed00028.png,221.444310,71.343021,306.324613,329.581535,-0.083219
PennFudanPed/PNGImages/PennPed00028.png,176.050144,63.625995,251.583008,321.791341,-0.915034
PennFudanPed/PNGImages/PennPed00029.png,357.975981,94.797486,462.552509,387.193134,2.600491
PennFudanPed/PNGImages/PennPed00029.png,493.405387,105.220969,594.414386,394.316809,1.641795
PennFudanPed/PNGImages/PennPed00029.png,117.953409,63.702860,211.923555,362.463550,1.431629
PennFudanPed/PNGImages/PennPed00029.png,259.655285,93.871982,349.408237,376.354614,0.847325
PennFudanPed/PNGImages/PennPed00030.png,145.455762,41.425882,243.090799,338.236541,1.972838
PennFudanPed/PNGImages/PennPed00030.png,335.954021,40.817052,432.798368,339.076519,1.939999
PennFudanPed/PNGImages/PennPed00030.png,4.700689,46.025351,85.806027,334.046888,0.306420
PennFudanPed/PNGImages/PennPed00030.png,423.022844,61.445844,464.616147,192.731765,-0.567686
PennFudanPed/PNGImages/PennPed00031.png,275.699831,40.385803,366.325485,319.597501,0.919080
PennFudanPed/PNGImages/PennPed00031.png,138.281022,172.747787,174.239981,287.163217,-0.942266
PennFudanPed/PNGImages/PennPed00031.png,210.437168,45.589445,279.645998,251.172927,-0.990287
PennFudanPed/PNGImages/PennPed00032.png,114.051180,147.063618,169.410008,326.335845,-0.221396
PennFudanPed/PNGImages/PennPed00032.png,111.933715,55.346187,171.673937,227.024480,-0.656804
PennFudanPed/PNGImages/PennPed00032.png,336.529979,154.919574,354.954685,211.595878,-0.732702
PennFudanPed/PNGImages/PennPed00032.png,320.895217,35.124947,361.987490,150.030802,-0.833640
PennFudanPed/PNGImages/PennPed00033.png,37.054516,35.661982,138.031166,368.783927,1.996039
PennFudanPed/PNGImages/PennPed00033.png,107.605337,44.776437,215.343891,363.829311,1.177589
PennFudanPed/PNGImages/PennPed00033.png,418.557794,71.372626,513.304635,366.304663,0.977960
PennFudanPed/PNGImages/PennPed00033.png,295.944091,149.663712,363.617381,343.098333,-0.453819
PennFudanPed/PNGImages/PennPed00033.png,349.154912,51.639832,392.011337,185.115982,-0.977982
PennFudanPed/PNGImages/PennPed00034.png,378.338307,60.735248,480.590081,357.033526,1.542123
PennFudanPed/PNGImages/PennPed00034.png,186.096658,58.095754,289.908829,383.649926,0.995605
PennFudanPed/PNGImages/PennPed00034.png,313.254330,60.725370,414.981105,351.201727,0.929885
PennFudanPed/PNGImages/PennPed00035.png,177.435722,20.998716,270.026632,321.312256,1.359393
PennFudanPed/PNGImages/PennPed00035.png,475.777682,91.961285,561.652891,334.524186,0.028036
PennFudanPed/PNGImages/PennPed00035.png,49.428483,114.010474,93.230063,241.236817,-0.620296
PennFudanPed/PNGImages/PennPed00035.png,367.710768,20.991425,405.910512,135.912966,-0.816473
PennFudanPed/PNGImages/PennPed00035.png,550.634783,128.882558,602.890140,283.785662,-0.925025
PennFudanPed/PNGImages/PennPed00036.png,72.943294,58.880160,167.148223,338.548183,1.435254
PennFudanPed/PNGImages/PennPed00036.png,537.104890,12.811415,625.908788,327.495991,0.868627
PennFudanPed/PNGImages/PennPed00037.png,218.464063,25.586841,319.008569,308.892262,0.580093
PennFudanPed/PNGImages/PennPed00037.png,51.382027,19.607413,92.732370,144.372093,-0.681601
PennFudanPed/PNGImages/PennPed00037.png,88.474878,119.971689,127.376258,247.342727,-0.976751
PennFudanPed/PNGImages/PennPed00038.png,237.510197,31.862796,336.473736,319.215342,0.958747
PennFudanPed/PNGImages/PennPed00038.png,114.270388,159.634401,154.142251,288.301729,-0.291561
PennFudanPed/PNGImages/PennPed00038.png,163.438127,131.545615,207.783080,255.473669,-0.556728
PennFudanPed/PNGImages/PennPed00038.png,4.741613,113.973376,61.657261,307.406405,-0.687462
PennFudanPed/PNGImages/PennPed00039.png,325.199286,70.289110,415.024002,362.820794,1.736202
PennFudanPed/PNGImages/PennPed00039.png,236.194914,25.152998,337.569431,297.856514,-0.116935
PennFudanPed/PNGImages/PennPed00039.png,94.121195,81.495439,115.516021,148.392406,-0.326398
PennFudanPed/PNGImages/PennPed00039.png,142.519033,237.499101,163.635468,302.527577,-0.814854
PennFudanPed/PNGImages/PennPed00039.png,148.543291,79.627393,196.447919,227.834267,-0.841042
PennFudanPed/PNGImages/PennPed00039.png,92.289478,30.128841,135.185475,149.965295,-0.909067
PennFudanPed/PNGImages/PennPed00040.png,219.399248,49.825991,311.860598,313.116700,1.712828
PennFudanPed/PNGImages/PennPed00040.png,161.841919,34.499447,212.307168,191.206075,-0.703792
PennFudanPed/PNGImages/PennPed00041.png,350.740901,95.383930,432.676040,338.758680,0.916275
PennFudanPed/PNGImages/PennPed00041.png,16.077322,258.323254,54.174883,374.989049,-0.480029
PennFudanPed/PNGImages/PennPed00041.png,442.780823,326.415938,463.177739,382.446698,-0.570556
PennFudanPed/PNGImages/PennPed00041.png,168.980153,128.413753,188.323135,191.538141,-0.705387
PennFudanPed/PNGImages/PennPed00041.png,430.236511,193.968672,488.918867,384.445066,-0.896397
PennFudanPed/PNGImages/PennPed00041.png,224.543550,127.637321,262.375278,249.975122,-0.922681
PennFudanPed/PNGImages/PennPed00042.png,285.072261,30.967464,369.468303,310.416779,0.573862
PennFudanPed/PNGImages/PennPed00042.png,404.675306,32.861850,490.948077,316.262317,0.090197
PennFudanPed/PNGImages/PennPed00042.png,164.873611,111.494016,197.907309,229.428646,-0.948900
PennFudanPed/PNGImages/PennPed00043.png,334.879374,57.107771,425.897530,321.803898,3.012525
PennFudanPed/PNGImages/PennPed00043.png,188.168463,39.122265,297.502042,348.588200,1.963048
PennFudanPed/PNGImages/PennPed00043.png,151.284135,75.614761,207.679038,255.420026,0.865947
PennFudanPed/PNGImages/PennPed00043.png,275.476436,78.295683,327.463085,249.786476,0.344959
PennFudanPed/PNGImages/PennPed00043.png,422.805573,43.355936,459.209111,157.124020,-0.443841
PennFudanPed/PNGImages/PennPed00043.png,47.653939,71.344161,98.702805,233.721731,-0.642301
PennFudanPed/PNGImages/PennPed00044.png,330.125696,54.223038,406.009155,286.310613,2.858136
PennFudanPed/PNGImages/PennPed00044.png,251.678811,58.286121,325.341687,279.789270,2.492368
PennFudanPed/PNGImages/PennPed00044.png,76.722181,36.022062,180.028285,314.043277,1.969040
PennFudanPed/PNGImages/PennPed00044.png,191.560718,19.203203,244.190715,177.425249,-0.886757
PennFudanPed/PNGImages/PennPed00045.png,532.282880,42.442381,631.220009,351.753241,2.589524
PennFudanPed/PNGImages/PennPed00045.png,221.865271,63.050142,322.192301,353.274546,2.371419
PennFudanPed/PNGImages/PennPed00045.png,87.455948,51.055736,196.763555,361.978502,2.013669
PennFudanPed/PNGImages/PennPed00045.png,323.202967,62.461277,419.189871,348.058368,1.374884
PennFudanPed/PNGImages/PennPed00045.png,426.654328,62.854128,475.073509,214.456990,0.537048
PennFudanPed/PNGImages/PennPed00045.png,488.384133,57.436191,539.550800,217.372280,0.347197
PennFudanPed/PNGImages/PennPed00045.png,23.194438,140.694227,78.734732,288.894334,-0.768085
PennFudanPed/PNGImages/PennPed00046.png,318.362895,12.755110,424.220731,308.873604,2.816099
PennFudanPed/PNGImages/PennPed00046.png,17.706340,59.187674,110.805619,326.298104,2.371216
PennFudanPed/PNGImages/PennPed00046.png,420.369560,59.857964,441.276334,119.348053,1.068808
PennFudanPed/PNGImages/PennPed00046.png,177.637528,53.312111,223.563762,183.629747,-0.408339
PennFudanPed/PNGImages/PennPed00046.png,126.180646,30.405742,215.200528,283.116062,-0.972355
PennFudanPed/PNGImages/PennPed00047.png,135.957148,51.963318,235.687647,330.880137,2.168614
PennFudanPed/PNGImages/PennPed00047.png,267.374717,28.355036,363.764788,312.023542,1.763628
PennFudanPed/PNGImages/PennPed00047.png,353.932015,38.806526,404.978413,183.512399,-0.700006
PennFudanPed/PNGImages/PennPed00047.png,112.679706,95.338403,157.513194,227.872585,-0.740511
PennFudanPed/PNGImages/PennPed00047.png,74.743570,124.801113,111.148403,249.333241,-0.821515
PennFudanPed/PNGImages/PennPed00047.png,68.591996,32.082527,96.432165,123.669192,-0.913971
PennFudanPed/PNGImages/PennPed00048.png,267.705095,14.012332,386.749120,355.379032,3.555233
PennFudanPed/PNGImages/PennPed00048.png,28.300902,28.258142,120.420192,323.680063,2.329211
PennFudanPed/PNGImages/PennPed00048.png,115.498408,38.715627,191.658261,271.797553,0.994227
PennFudanPed/PNGImages/PennPed00048.png,7.842181,257.019729,26.142801,314.626784,-0.912746
PennFudanPed/PNGImages/PennPed00049.png,84.514676,43.392735,183.456296,338.084041,2.746133
PennFudanPed/PNGImages/PennPed00049.png,174.751893,43.657992,270.610443,302.969822,2.235678
PennFudanPed/PNGImages/PennPed00049.png,309.292128,74.541886,365.378969,246.243055,1.528875
PennFudanPed/PNGImages/PennPed00049.png,250.267669,55.098183,303.836048,234.169609,1.089261
PennFudanPed/PNGImages/PennPed00049.png,310.463756,5.351518,395.168009,249.474801,-0.974119
PennFudanPed/PNGImages/PennPed00050.png,91.538025,42.990599,179.200690,290.196321,1.671231
PennFudanPed/PNGImages/PennPed00050.png,250.272183,104.460058,289.350943,222.844540,-0.103832
PennFudanPed/PNGImages/PennPed00050.png,58.908603,25.254597,119.364546,223.576790,-0.277990
PennFudanPed/PNGImages/PennPed00050.png,294.104273,35.402504,340.261867,173.721691,-0.639200
PennFudanPed/PNGImages/PennPed00050.png,165.100602,76.646314,205.271216,191.937378,-0.703246
PennFudanPed/PNGImages/PennPed00050.png,389.813467,12.132453,412.423045,82.507606,-0.971068
PennFudanPed/PNGImages/PennPed00051.png,56.951000,51.930420,138.524784,315.244144,0.668971
PennFudanPed/PNGImages/PennPed00051.png,440.764485,26.604238,545.635193,378.920374,0.349382
PennFudanPed/PNGImages/PennPed00051.png,557.210763,100.754032,624.969213,314.141489,0.337290
PennFudanPed/PNGImages/PennPed00051.png,349.194040,69.038142,468.089502,379.153494,0.134971
PennFudanPed/PNGImages/PennPed00051.png,8.972596,48.925341,101.072091,321.496283,-0.284409
PennFudanPed/PNGImages/PennPed00051.png,558.226717,50.596112,658.850620,338.212604,-0.343135
PennFudanPed/PNGImages/PennPed00051.png,87.287565,40.579140,200.028477,330.723749,-0.757940
PennFudanPed/PNGImages/PennPed00052.png,182.883512,183.421480,284.580034,475.216940,1.967374
PennFudanPed/PNGImages/PennPed00052.png,533.203162,114.062571,617.176664,389.075763,1.713851
PennFudanPed/PNGImages/PennPed00052.png,79.084552,133.320977,178.052568,421.471381,1.653996
PennFudanPed/PNGImages/PennPed00052.png,409.075392,153.913245,492.263803,400.771610,1.634909
PennFudanPed/PNGImages/PennPed00052.png,287.588475,180.575924,335.115025,319.885929,1.424847
PennFudanPed/PNGImages/PennPed00052.png,57.083415,41.651039,202.121114,446.370010,-0.625763
PennFudanPed/PNGImages/PennPed00052.png,280.774633,60.621317,363.219015,324.557008,-0.921076
PennFudanPed/PNGImages/PennPed00052.png,389.229828,101.339134,521.234304,436.797253,-0.973095
PennFudanPed/PNGImages/PennPed00053.png,167.675279,18.318169,259.408240,301.801134,2.566874
PennFudanPed/PNGImages/PennPed00053.png,33.356626,29.492439,137.636668,306.014563,2.163942
PennFudanPed/PNGImages/PennPed00053.png,107.927004,129.559689,211.128370,344.000000,-0.917390
PennFudanPed/PNGImages/PennPed00054.png,35.530654,17.897562,137.914823,317.092825,2.023193
PennFudanPed/PNGImages/PennPed00054.png,176.584363,45.827019,199.592685,119.250046,-0.217621
PennFudanPed/PNGImages/PennPed00054.png,156.317823,27.519307,218.231055,231.405664,-0.278733
PennFudanPed/PNGImages/PennPed00054.png,132.314970,13.347482,157.892788,89.802022,-0.666155
PennFudanPed/PNGImages/PennPed00054.png,130.188103,120.123229,174.047594,245.222334,-0.693061
PennFudanPed/PNGImages/PennPed00055.png,96.449467,49.935059,206.472616,346.561887,1.739237
PennFudanPed/PNGImages/PennPed00055.png,61.876783,14.069535,138.473502,267.104550,0.663743
PennFudanPed/PNGImages/PennPed00055.png,3.633780,86.046144,77.757791,300.362904,-0.432178
PennFudanPed/PNGImages/PennPed00055.png,184.948361,13.514057,273.236749,296.605045,-0.666202
PennFudanPed/PNGImages/PennPed00055.png,337.723234,38.192828,385.720998,188.501431,-0.910429
PennFudanPed/PNGImages/PennPed00056.png,161.653663,103.205640,264.677697,393.479542,2.536764
PennFudanPed/PNGImages/PennPed00056.png,222.422797,93.529856,320.996442,389.143928,2.071717
PennFudanPed/PNGImages/PennPed00056.png,525.093283,211.506472,581.586186,387.128071,-0.547938
PennFudanPed/PNGImages/PennPed00056.png,329.966234,144.771096,371.247229,263.778939,-0.571169
PennFudanPed/PNGImages/PennPed00056.png,339.398163,92.637647,379.905740,203.628300,-0.703563
PennFudanPed/PNGImages/PennPed00056.png,32.127921,114.970600,77.249738,264.763952,-0.791546
PennFudanPed/PNGImages/PennPed00056.png,575.705489,281.430375,596.068274,338.530936,-0.994616
PennFudanPed/PNGImages/PennPed00057.png,153.965133,46.483016,254.538101,356.489033,0.569451
PennFudanPed/PNGImages/PennPed00058.png,341.515284,64.647146,424.038305,338.772184,2.112419
PennFudanPed/PNGImages/PennPed00058.png,178.732856,24.013126,276.341954,308.531895,0.843453
PennFudanPed/PNGImages/PennPed00058.png,295.855495,16.721537,370.454252,279.790166,0.082989
PennFudanPed/PNGImages/PennPed00058.png,48.486295,51.075720,89.111778,162.809230,-0.462625
PennFudanPed/PNGImages/PennPed00058.png,22.024802,23.457404,106.425602,264.939100,-0.748005
PennFudanPed/PNGImages/PennPed00059.png,394.626056,34.710882,498.710629,323.356748,2.152909
PennFudanPed/PNGImages/PennPed00059.png,97.679865,41.998601,184.620230,335.895672,1.571284
PennFudanPed/PNGImages/PennPed00059.png,212.377283,104.339142,232.870310,157.754606,-0.469155
PennFudanPed/PNGImages/PennPed00059.png,504.077618,22.674011,562.759790,180.524650,-0.874435
PennFudanPed/PNGImages/PennPed00059.png,286.449028,83.154935,333.241478,226.473252,-0.956545
PennFudanPed/PNGImages/PennPed00060.png,374.183766,25.188119,472.949119,330.448828,3.280426
PennFudanPed/PNGImages/PennPed00060.png,44.712989,20.723131,139.245692,323.625002,3.054189
PennFudanPed/PNGImages/PennPed00060.png,194.836055,15.661130,269.444841,232.517158,2.688853
PennFudanPed/PNGImages/PennPed00060.png,112.647339,19.194267,188.928319,243.727341,0.676065
PennFudanPed/PNGImages/PennPed00060.png,281.420330,76.987202,359.487091,326.380555,0.344261
PennFudanPed/PNGImages/PennPed00061.png,35.205880,11.700540,137.535602,302.111744,0.911008
PennFudanPed/PNGImages/PennPed00061.png,231.232901,11.554276,278.060108,146.945819,-0.339015
PennFudanPed/PNGImages/PennPed00061.png,168.997194,11.090123,226.358164,176.921620,-0.607756
PennFudanPed/PNGImages/PennPed00061.png,284.724201,61.161112,308.345003,129.501771,-0.641824
PennFudanPed/PNGImages/PennPed00062.png,189.129375,32.326905,276.438851,298.359461,1.856392
PennFudanPed/PNGImages/PennPed00062.png,78.892727,16.788428,173.522654,301.630232,1.577079
PennFudanPed/PNGImages/PennPed00062.png,313.369910,50.105528,373.645809,233.980428,1.009516
PennFudanPed/PNGImages/PennPed00062.png,1.000000,42.492931,48.610027,219.119440,0.130383
PennFudanPed/PNGImages/PennPed00062.png,32.033418,49.260312,71.974482,174.090608,-0.242816
PennFudanPed/PNGImages/PennPed00062.png,256.085976,59.180858,306.817940,187.128495,-0.383879
PennFudanPed/PNGImages/PennPed00063.png,156.138734,16.841419,253.310193,332.440664,1.093292
PennFudanPed/PNGImages/PennPed00063.png,314.559705,176.593081,352.323355,297.518718,-0.926182
PennFudanPed/PNGImages/PennPed00063.png,396.533726,39.577190,422.368399,112.840744,-0.949549
PennFudanPed/PNGImages/PennPed00063.png,317.720406,7.381449,408.799779,285.972803,-0.998159
PennFudanPed/PNGImages/PennPed00064.png,242.446432,25.692427,330.613755,300.987644,1.043716
PennFudanPed/PNGImages/PennPed00064.png,33.827094,37.555543,81.276842,201.639180,-0.496211
PennFudanPed/PNGImages/PennPed00064.png,97.028605,41.023152,146.179850,183.231691,-0.829151
PennFudanPed/PNGImages/PennPed00065.png,34.196486,54.408466,124.395829,297.759720,1.790196
PennFudanPed/PNGImages/PennPed00066.png,299.414995,24.026425,391.880336,315.029578,2.741972
PennFudanPed/PNGImages/PennPed00066.png,79.969602,16.769205,180.696074,342.507395,1.522549
PennFudanPed/PNGImages/PennPed00066.png,248.043096,175.921253,287.910553,307.989276,-0.902359
PennFudanPed/PNGImages/PennPed00066.png,1.000000,98.544868,67.216104,363.806648,-0.922190
PennFudanPed/PNGImages/PennPed00067.png,86.781213,11.418635,163.881384,258.970269,1.557756
PennFudanPed/PNGImages/PennPed00067.png,43.496310,3.415664,135.804951,283.985134,-0.277804
PennFudanPed/PNGImages/PennPed00067.png,284.569431,54.007206,360.779224,264.849174,-0.624505
PennFudanPed/PNGImages/PennPed00068.png,471.659365,28.576555,570.670698,345.200423,2.548096
PennFudanPed/PNGImages/PennPed00068.png,173.437317,54.432615,268.979072,349.036045,1.641870
PennFudanPed/PNGImages/PennPed00068.png,53.559589,92.544752,144.992547,367.544792,0.775464
PennFudanPed/PNGImages/PennPed00068.png,394.327214,47.000800,449.527393,216.334514,0.741141
PennFudanPed/PNGImages/PennPed00068.png,426.814237,90.292444,515.109334,364.225618,-0.831471
PennFudanPed/PNGImages/PennPed00068.png,355.731946,61.777339,404.947458,201.876694,-0.966069
PennFudanPed/PNGImages/PennPed00069.png,169.807927,40.597010,261.557934,314.276075,2.607425
PennFudanPed/PNGImages/PennPed00069.png,54.514167,33.717279,155.844928,329.252569,1.037350
PennFudanPed/PNGImages/PennPed00070.png,203.318861,12.718863,299.033695,315.052920,2.467597
PennFudanPed/PNGImages/PennPed00070.png,20.835876,24.991558,127.265213,339.119070,1.520802
PennFudanPed/PNGImages/PennPed00070.png,300.742008,97.616384,344.295555,221.045120,-0.629700
PennFudanPed/PNGImages/PennPed00070.png,353.838538,108.326067,414.922614,299.763519,-0.868353
PennFudanPed/PNGImages/PennPed00070.png,136.687498,11.396174,191.170864,180.080094,-0.962745
PennFudanPed/PNGImages/PennPed00071.png,480.657518,30.190929,567.420486,298.806220,2.116612
PennFudanPed/PNGImages/PennPed00071.png,295.583286,40.207755,386.509708,307.917293,1.991985
PennFudanPed/PNGImages/PennPed00071.png,622.282853,13.335976,705.762602,250.817707,1.782176
PennFudanPed/PNGImages/PennPed00071.png,65.100441,18.753871,165.441295,349.297752,1.756670
PennFudanPed/PNGImages/PennPed00071.png,569.594487,47.727082,613.954568,179.902424,1.193475
PennFudanPed/PNGImages/PennPed00071.png,697.341825,52.516552,744.900759,175.129342,0.758973
PennFudanPed/PNGImages/PennPed00072.png,161.008531,23.066435,252.484345,311.366301,1.721155
PennFudanPed/PNGImages/PennPed00072.png,305.870778,50.853384,397.709103,333.771495,1.131602
PennFudanPed/PNGImages/PennPed00072.png,111.009372,117.964329,161.534167,263.321725,-0.509399
PennFudanPed/PNGImages/PennPed00072.png,53.794234,92.877264,124.520204,293.323327,-0.812573
PennFudanPed/PNGImages/PennPed00073.png,103.694463,30.743788,196.904542,319.349341,1.502374
PennFudanPed/PNGImages/PennPed00073.png,179.777116,42.840584,276.914199,340.188395,1.445172
PennFudanPed/PNGImages/PennPed00073.png,309.095228,29.765667,398.830021,321.530540,0.828797
PennFudanPed/PNGImages/PennPed00073.png,262.685655,155.744870,301.959066,275.221919,-0.679580
PennFudanPed/PNGImages/PennPed00073.png,246.808047,178.009044,303.368771,354.670394,-0.681650
PennFudanPed/PNGImages/PennPed00073.png,533.503815,186.447107,574.029932,318.656006,-0.789232
PennFudanPed/PNGImages/PennPed00074.png,183.414037,25.637479,271.999834,295.430848,1.974527
PennFudanPed/PNGImages/PennPed00074.png,307.452108,35.546996,388.973163,292.115829,0.288567
PennFudanPed/PNGImages/PennPed00074.png,56.136630,52.470368,109.958859,232.727374,-0.768825
PennFudanPed/PNGImages/PennPed00074.png,128.057117,93.233399,193.117808,290.907699,-0.856976
PennFudanPed/PNGImages/PennPed00074.png,18.483765,24.285701,70.439981,172.532992,-0.978238
PennFudanPed/PNGImages/PennPed00075.png,235.038650,21.859600,325.624104,308.318362,0.411714
PennFudanPed/PNGImages/PennPed00075.png,129.126631,39.108437,168.347246,160.960962,-0.800979
PennFudanPed/PNGImages/PennPed00075.png,35.082275,61.217484,76.690269,193.083807,-0.848915
PennFudanPed/PNGImages/PennPed00075.png,216.487083,40.908708,242.656244,114.228975,-0.995521
PennFudanPed/PNGImages/PennPed00076.png,226.265392,26.736007,303.800425,276.674461,0.551176
PennFudanPed/PNGImages/PennPed00076.png,67.641226,36.817100,118.764995,184.555861,-0.750305
PennFudanPed/PNGImages/PennPed00076.png,24.569532,35.411601,74.589194,189.940166,-0.806884
PennFudanPed/PNGImages/PennPed00077.png,121.295808,61.671075,159.594289,183.640750,-0.194644
PennFudanPed/PNGImages/PennPed00077.png,66.997114,22.972564,156.657941,307.713233,-0.283135
PennFudanPed/PNGImages/PennPed00077.png,181.359529,166.954947,226.721512,303.247689,-0.835613
PennFudanPed/PNGImages/PennPed00077.png,7.721830,212.880614,46.948231,322.761256,-0.846335
PennFudanPed/PNGImages/PennPed00078.png,233.524702,54.774256,327.754585,337.929666,1.626730
PennFudanPed/PNGImages/PennPed00079.png,224.600943,25.030487,305.545168,252.260147,0.669170
PennFudanPed/PNGImages/PennPed00079.png,177.099342,51.346371,224.129816,194.794930,-0.952718
PennFudanPed/PNGImages/PennPed00079.png,127.454375,115.785343,167.923257,232.095915,-0.997213
PennFudanPed/PNGImages/PennPed00080.png,74.916857,40.674119,172.926598,336.118408,2.257989
PennFudanPed/PNGImages/PennPed00080.png,215.002004,46.657376,313.408983,329.775902,1.913340
PennFudanPed/PNGImages/PennPed00080.png,315.200978,31.554849,416.656137,315.690942,0.580779
PennFudanPed/PNGImages/PennPed00081.png,147.616350,91.478847,244.111975,370.662600,1.917376
PennFudanPed/PNGImages/PennPed00081.png,232.441469,44.177596,335.434619,351.879000,1.063614
PennFudanPed/PNGImages/PennPed00081.png,343.960097,68.251539,445.500620,365.346694,0.972887
PennFudanPed/PNGImages/PennPed00081.png,32.647543,11.251210,118.354303,287.421440,-0.989153
PennFudanPed/PNGImages/PennPed00082.png,130.651874,25.987922,222.798028,293.742798,1.023685
PennFudanPed/PNGImages/PennPed00082.png,240.113330,26.810368,279.816815,146.817540,-0.647121
PennFudanPed/PNGImages/PennPed00082.png,257.954394,153.486957,297.623831,274.354430,-0.835428
PennFudanPed/PNGImages/PennPed00082.png,272.640203,26.739278,308.981125,145.391344,-0.987626
PennFudanPed/PNGImages/PennPed00083.png,118.404348,44.735334,213.689789,323.922776,0.623863
PennFudanPed/PNGImages/PennPed00083.png,37.484255,26.097991,128.617618,299.888605,0.294257
PennFudanPed/PNGImages/PennPed00084.png,155.840385,94.034501,212.589126,261.089552,-0.041584
PennFudanPed/PNGImages/PennPed00084.png,209.894989,19.127693,273.354848,219.302119,-0.102478
PennFudanPed/PNGImages/PennPed00084.png,278.097547,48.951181,358.660740,317.256359,-0.374821
PennFudanPed/PNGImages/PennPed00084.png,152.954254,94.192638,240.858403,351.401977,-0.486928
PennFudanPed/PNGImages/PennPed00084.png,186.109167,51.122325,298.447349,344.397751,-0.606917
PennFudanPed/PNGImages/PennPed00085.png,259.441052,32.261098,348.953086,323.371965,0.898376
PennFudanPed/PNGImages/PennPed00085.png,93.923425,19.737098,188.202342,300.485267,0.227797
PennFudanPed/PNGImages/PennPed00086.png,218.321116,55.126139,301.417266,290.487295,1.710164
PennFudanPed/PNGImages/PennPed00086.png,352.102433,29.564332,446.659228,321.624342,1.637714
PennFudanPed/PNGImages/PennPed00086.png,14.706368,28.933249,94.821902,253.262164,1.489649
PennFudanPed/PNGImages/PennPed00086.png,182.176564,53.198717,227.738385,201.806947,0.940545
PennFudanPed/PNGImages/PennPed00086.png,73.560040,71.469109,118.568931,199.151045,0.803265
PennFudanPed/PNGImages/PennPed00086.png,109.880124,60.103906,160.162963,205.361744,0.091298
PennFudanPed/PNGImages/PennPed00086.png,132.701003,225.960281,167.394987,348.555537,-0.453288
PennFudanPed/PNGImages/PennPed00086.png,69.692519,49.355118,168.231152,309.808282,-0.959890
PennFudanPed/PNGImages/PennPed00087.png,26.488390,12.815947,124.185380,316.936243,2.736503
PennFudanPed/PNGImages/PennPed00087.png,171.050006,120.878210,214.698297,244.850562,-0.872672
PennFudanPed/PNGImages/PennPed00088.png,104.203337,13.881046,202.619733,309.919368,0.849524
PennFudanPed/PNGImages/PennPed00088.png,12.329966,76.678527,49.261440,207.690274,-0.902132
PennFudanPed/PNGImages/PennPed00089.png,77.087356,18.845285,160.895334,289.940880,1.837726
PennFudanPed/PNGImages/PennPed00089.png,173.872673,4.607891,276.172215,303.291103,0.754121
PennFudanPed/PNGImages/PennPed00089.png,35.002564,77.717859,79.018521,210.843013,-0.786276
PennFudanPed/PNGImages/PennPed00089.png,315.653054,113.685701,351.320348,230.754336,-0.953427
PennFudanPed/PNGImages/PennPed00090.png,244.705620,38.240373,320.985716,271.604113,0.416888
PennFudanPed/PNGImages/PennPed00090.png,83.932954,25.033544,184.772858,329.569010,0.246356
PennFudanPed/PNGImages/PennPed00090.png,33.293895,106.183353,105.511566,340.098019,-0.297827
PennFudanPed/PNGImages/PennPed00090.png,62.801602,18.185470,103.967198,133.652284,-0.482175
PennFudanPed/PNGImages/PennPed00090.png,369.545267,106.586133,408.867772,219.139598,-0.629582
PennFudanPed/PNGImages/PennPed00090.png,237.486008,15.417120,353.981529,328.830304,-0.847829
PennFudanPed/PNGImages/PennPed00090.png,361.068161,70.399926,417.457224,234.776349,-0.872705
PennFudanPed/PNGImages/PennPed00090.png,389.417950,21.119894,433.284886,152.685858,-0.897461
PennFudanPed/PNGImages/PennPed00091.png,222.352425,21.996743,319.338722,312.833580,0.489730
PennFudanPed/PNGImages/PennPed00091.png,80.581825,121.942356,129.825590,263.394158,-0.748809
PennFudanPed/PNGImages/PennPed00091.png,121.085387,91.305426,142.380022,153.815627,-0.808719
PennFudanPed/PNGImages/PennPed00091.png,116.359858,23.399400,135.718891,79.616353,-0.912363
PennFudanPed/PNGImages/PennPed00091.png,170.828282,48.377266,219.176683,214.520441,-0.991156
PennFudanPed/PNGImages/PennPed00092.png,342.035793,99.781736,412.526990,342.555954,0.521916
PennFudanPed/PNGImages/PennPed00092.png,317.429900,89.448711,432.142224,391.483545,-0.302723
PennFudanPed/PNGImages/PennPed00092.png,487.430273,198.380968,528.162236,305.744348,-0.681202
PennFudanPed/PNGImages/PennPed00092.png,165.698320,79.778182,256.987837,349.302166,-0.785812
PennFudanPed/PNGImages/PennPed00092.png,474.784020,135.640468,532.807661,302.701075,-0.786975
PennFudanPed/PNGImages/PennPed00092.png,104.832731,113.680446,144.012549,230.824962,-0.890545
PennFudanPed/PNGImages/PennPed00092.png,518.047325,207.619505,552.725623,330.592178,-0.903173
PennFudanPed/PNGImages/PennPed00092.png,117.882893,40.117666,192.248060,274.621412,-0.924269
PennFudanPed/PNGImages/PennPed00092.png,430.984496,79.257150,497.480826,301.754354,-0.938464
PennFudanPed/PNGImages/PennPed00093.png,104.235534,3.105790,187.265850,268.943929,0.367817
PennFudanPed/PNGImages/PennPed00093.png,21.878250,20.923750,69.419071,163.775732,-0.796050
PennFudanPed/PNGImages/PennPed00093.png,239.371851,58.295634,286.280212,189.749187,-0.840149
PennFudanPed/PNGImages/PennPed00093.png,154.635405,81.317592,227.219365,298.169229,-0.943668
PennFudanPed/PNGImages/PennPed00094.png,156.235308,24.855252,253.310539,325.726392,1.238090
PennFudanPed/PNGImages/PennPed00094.png,14.179827,80.057811,64.829573,232.461267,-0.903484
PennFudanPed/PNGImages/PennPed00095.png,206.289410,40.097706,302.895085,333.737561,1.618912
PennFudanPed/PNGImages/PennPed00095.png,327.988641,55.246699,418.497921,331.221228,1.380513
PennFudanPed/PNGImages/PennPed00095.png,287.418099,123.390224,340.331146,286.967689,-0.478603
PennFudanPed/PNGImages/PennPed00095.png,11.251903,111.381933,53.154836,248.602912,-0.987916
PennFudanPed/PNGImages/PennPed00096.png,105.618247,20.444246,200.738326,314.294091,1.545256
PennFudanPed/PNGImages/PennPed00096.png,9.564871,37.890108,100.047625,317.184028,1.288838
